y_true,y_score
0,0.001610785722732544
1,0.5688556432723999
0,0.22495123744010925
1,0.6781855821609497
1,0.7807437181472778
0,0.030404597520828247
1,0.4319972097873688
0,0.34656697511672974
0,0.10222786664962769
