y_true,y_score
0,2.8778340821489223e-10
1,0.7970728874206543
0,0.0025334954261779785
1,0.9756606221199036
1,0.9971677660942078
0,0.02030402421951294
1,0.576374351978302
0,0.15940061211585999
0,0.0017948448657989502
